Date,Count
2010/01/01,null
2010/01/02,null
2010/01/03,null
2010/01/04,null
2010/01/05,null
2010/01/06,null
2010/01/07,null
2010/01/08,null
2010/01/09,null
2010/01/10,null
2010/01/11,null
2010/01/12,null
2010/01/13,null
2010/01/14,null
2010/01/15,null
2010/01/16,null
2010/01/17,null
2010/01/18,null
2010/01/19,null
2010/01/20,0.000534
2010/01/21,null
2010/01/22,null
2010/01/23,null
2010/01/24,null
2010/01/25,null
2010/01/26,null
2010/01/27,0.000529
2010/01/28,0.000534
2010/01/29,null
2010/01/30,null
2010/01/31,0.000688
2010/02/01,null
2010/02/02,null
2010/02/03,null
2010/02/04,null
2010/02/05,null
2010/02/06,null
2010/02/07,null
2010/02/08,0.000991
2010/02/09,null
2010/02/10,null
2010/02/11,null
2010/02/12,null
2010/02/13,null
2010/02/14,null
2010/02/15,null
2010/02/16,null
2010/02/17,0.00107
2010/02/18,0.00107
2010/02/19,0.00107
2010/02/20,null
2010/02/21,null
2010/02/22,null
2010/02/23,null
2010/02/24,null
2010/02/25,0.00107
2010/02/26,null
2010/02/27,null
2010/02/28,null
2010/03/01,null
2010/03/02,null
2010/03/03,null
2010/03/04,null
2010/03/05,0.00107
2010/03/06,null
2010/03/07,null
2010/03/08,null
2010/03/09,null
2010/03/10,null
2010/03/11,0.000991
2010/03/12,null
2010/03/13,null
2010/03/14,null
2010/03/15,null
2010/03/16,null
2010/03/17,null
2010/03/18,null
2010/03/19,null
2010/03/20,null
2010/03/21,null
2010/03/22,null
2010/03/23,null
2010/03/24,null
2010/03/25,0.00107
2010/03/26,null
2010/03/27,null
2010/03/28,null
2010/03/29,null
2010/03/30,0.00107
2010/03/31,null
2010/04/01,null
2010/04/02,null
2010/04/03,null
2010/04/04,null
2010/04/05,null
2010/04/06,0.00793
2010/04/07,null
2010/04/08,null
2010/04/09,null
2010/04/10,null
2010/04/11,null
2010/04/12,0.00743
2010/04/13,null
2010/04/14,null
2010/04/15,null
2010/04/16,null
2010/04/17,null
2010/04/18,null
2010/04/19,null
2010/04/20,null
2010/04/21,0.00793
2010/04/22,null
2010/04/23,0.00743
2010/04/24,null
2010/04/25,0.000648
2010/04/26,null
2010/04/27,0.000495
2010/04/28,null
2010/04/29,null
2010/04/30,null
2010/05/01,null
2010/05/02,null
2010/05/03,null
2010/05/04,null
2010/05/05,null
2010/05/06,0.0149
2010/05/07,null
2010/05/08,null
2010/05/09,0.0191
2010/05/10,null
2010/05/11,null
2010/05/12,null
2010/05/13,0.0149
2010/05/14,null
2010/05/15,null
2010/05/16,null
2010/05/17,null
2010/05/18,null
2010/05/19,null
2010/05/20,null
2010/05/21,null
2010/05/22,0.0212
2010/05/23,null
2010/05/24,0.0149
2010/05/25,0.0297
2010/05/26,null
2010/05/27,null
2010/05/28,null
2010/05/29,0.0212
2010/05/30,null
2010/05/31,null
2010/06/01,null
2010/06/02,null
2010/06/03,null
2010/06/04,null
2010/06/05,null
2010/06/06,null
2010/06/07,null
2010/06/08,null
2010/06/09,0.0149
2010/06/10,null
2010/06/11,null
2010/06/12,null
2010/06/13,null
2010/06/14,null
2010/06/15,null
2010/06/16,null
2010/06/17,null
2010/06/18,null
2010/06/19,null
2010/06/20,null
2010/06/21,null
2010/06/22,null
2010/06/23,null
2010/06/24,null
2010/06/25,null
2010/06/26,null
2010/06/27,null
2010/06/28,null
2010/06/29,null
2010/06/30,null
2010/07/01,0.00743
2010/07/02,null
2010/07/03,null
2010/07/04,0.00956
2010/07/05,null
2010/07/06,0.0139
2010/07/07,0.00743
2010/07/08,null
2010/07/09,0.00743
2010/07/10,null
2010/07/11,0.122
2010/07/12,0.28
2010/07/13,0.157
2010/07/14,0.0677
2010/07/15,0.152
2010/07/16,0.0288
2010/07/17,0.0287
2010/07/18,0.0365
2010/07/19,0.0213
2010/07/20,0.0612
2010/07/21,0.0538
2010/07/22,0.0288
2010/07/23,0.0731
2010/07/24,0.0826
2010/07/25,0.027
2010/07/26,0.00743
2010/07/27,0.04
2010/07/28,0.00743
2010/07/29,0.04
2010/07/30,0.0213
2010/07/31,0.0556
2010/08/01,null
2010/08/02,null
2010/08/03,0.0278
2010/08/04,null
2010/08/05,0.0278
2010/08/06,null
2010/08/07,0.0348
2010/08/08,null
2010/08/09,null
2010/08/10,0.0278
2010/08/11,0.08
2010/08/12,0.0835
2010/08/13,0.0591
2010/08/14,null
2010/08/15,null
2010/08/16,0.0522
2010/08/17,null
2010/08/18,null
2010/08/19,0.0278
2010/08/20,null
2010/08/21,0.0348
2010/08/22,null
2010/08/23,null
2010/08/24,null
2010/08/25,null
2010/08/26,0.0278
2010/08/27,0.0278
2010/08/28,0.0348
2010/08/29,0.0348
2010/08/30,null
2010/08/31,0.0731
2010/09/01,0.0244
2010/09/02,0.0244
2010/09/03,null
2010/09/04,null
2010/09/05,null
2010/09/06,0.0278
2010/09/07,null
2010/09/08,null
2010/09/09,0.0244
2010/09/10,null
2010/09/11,null
2010/09/12,null
2010/09/13,null
2010/09/14,null
2010/09/15,0.0244
2010/09/16,null
2010/09/17,0.0278
2010/09/18,0.0313
2010/09/19,null
2010/09/20,0.0487
2010/09/21,null
2010/09/22,null
2010/09/23,null
2010/09/24,0.0522
2010/09/25,0.0313
2010/09/26,0.0591
2010/09/27,0.0244
2010/09/28,0.0244
2010/09/29,0.0731
2010/09/30,null
2010/10/01,0.0455
2010/10/02,0.0725
2010/10/03,0.0519
2010/10/04,0.036
2010/10/05,0.0804
2010/10/06,0.0402
2010/10/07,0.0174
2010/10/08,0.0314
2010/10/09,0.0775
2010/10/10,null
2010/10/11,null
2010/10/12,null
2010/10/13,0.0159
2010/10/14,0.0317
2010/10/15,0.0159
2010/10/16,0.0502
2010/10/17,0.0442
2010/10/18,0.0159
2010/10/19,0.028
2010/10/20,0.0862
2010/10/21,0.0719
2010/10/22,0.042
2010/10/23,0.0503
2010/10/24,0.0676
2010/10/25,0.0423
2010/10/26,0.0402
2010/10/27,0.0402
2010/10/28,0.0402
2010/10/29,0.0333
2010/10/30,0.0363
2010/10/31,0.071
2010/11/01,0.0317
2010/11/02,0.0603
2010/11/03,0.0603
2010/11/04,0.0285
2010/11/05,0.0666
2010/11/06,null
2010/11/07,0.0381
2010/11/08,0.0444
2010/11/09,0.0444
2010/11/10,0.0317
2010/11/11,0.0476
2010/11/12,null
2010/11/13,0.0381
2010/11/14,0.0381
2010/11/15,0.232
2010/11/16,0.0761
2010/11/17,0.0444
2010/11/18,0.0476
2010/11/19,0.0634
2010/11/20,0.0571
2010/11/21,0.0381
2010/11/22,0.0285
2010/11/23,0.0603
2010/11/24,0.0634
2010/11/25,null
2010/11/26,0.133
2010/11/27,0.0761
2010/11/28,0.0381
2010/11/29,0.0888
2010/11/30,0.133
2010/12/01,0.0888
2010/12/02,0.0603
2010/12/03,0.0793
2010/12/04,0.0761
2010/12/05,0.0729
2010/12/06,0.0285
2010/12/07,0.105
2010/12/08,0.171
2010/12/09,0.0761
2010/12/10,0.0634
2010/12/11,0.0571
2010/12/12,0.317
2010/12/13,0.222
2010/12/14,0.0444
2010/12/15,0.108
2010/12/16,0.092
2010/12/17,0.0476
2010/12/18,0.0983
2010/12/19,0.213
2010/12/20,0.092
2010/12/21,0.0793
2010/12/22,0.0476
2010/12/23,0.206
2010/12/24,0.143
2010/12/25,0.0952
2010/12/26,0.149
2010/12/27,0.0507
2010/12/28,0.0507
2010/12/29,0.0666
2010/12/30,0.121
2010/12/31,0.0603
2011/01/01,0.0427
2011/01/02,0.0381
2011/01/03,0.0863
2011/01/04,0.0717
2011/01/05,0.0517
2011/01/06,0.135
2011/01/07,0.15
2011/01/08,0.0365
2011/01/09,0.126
2011/01/10,0.0996
2011/01/11,0.0552
2011/01/12,0.0565
2011/01/13,0.0831
2011/01/14,0.0717
2011/01/15,0.0539
2011/01/16,0.027
2011/01/17,0.0479
2011/01/18,0.0758
2011/01/19,0.0758
2011/01/20,0.0837
2011/01/21,0.129
2011/01/22,0.11
2011/01/23,0.066
2011/01/24,0.0752
2011/01/25,0.0422
2011/01/26,0.098
2011/01/27,0.0565
2011/01/28,0.107
2011/01/29,0.0848
2011/01/30,0.0753
2011/01/31,0.0468
2011/02/01,0.0545
2011/02/02,0.0682
2011/02/03,0.0273
2011/02/04,0.109
2011/02/05,0.0682
2011/02/06,0.123
2011/02/07,0.0955
2011/02/08,0.0545
2011/02/09,0.205
2011/02/10,0.545
2011/02/11,0.6
2011/02/12,0.655
2011/02/13,0.382
2011/02/14,0.382
2011/02/15,0.395
2011/02/16,0.205
2011/02/17,0.368
2011/02/18,0.245
2011/02/19,0.259
2011/02/20,0.382
2011/02/21,0.573
2011/02/22,0.259
2011/02/23,0.259
2011/02/24,0.491
2011/02/25,0.355
2011/02/26,0.382
2011/02/27,0.218
2011/02/28,0.382
2011/03/01,0.232
2011/03/02,0.3
2011/03/03,0.368
2011/03/04,0.136
2011/03/05,0.136
2011/03/06,0.218
2011/03/07,0.177
2011/03/08,0.191
2011/03/09,0.355
2011/03/10,0.259
2011/03/11,0.177
2011/03/12,0.232
2011/03/13,0.355
2011/03/14,0.191
2011/03/15,0.15
2011/03/16,0.232
2011/03/17,0.355
2011/03/18,0.191
2011/03/19,0.218
2011/03/20,0.218
2011/03/21,0.532
2011/03/22,0.382
2011/03/23,1.364
2011/03/24,0.573
2011/03/25,0.491
2011/03/26,0.355
2011/03/27,0.464
2011/03/28,0.423
2011/03/29,0.355
2011/03/30,0.177
2011/03/31,0.123
2011/04/01,0.242
2011/04/02,0.328
2011/04/03,0.162
2011/04/04,0.403
2011/04/05,0.464
2011/04/06,0.416
2011/04/07,0.384
2011/04/08,0.323
2011/04/09,0.558
2011/04/10,0.183
2011/04/11,0.295
2011/04/12,0.41
2011/04/13,0.355
2011/04/14,0.316
2011/04/15,0.309
2011/04/16,0.751
2011/04/17,0.592
2011/04/18,0.497
2011/04/19,0.497
2011/04/20,0.451
2011/04/21,0.382
2011/04/22,0.396
2011/04/23,0.363
2011/04/24,0.445
2011/04/25,0.597
2011/04/26,0.633
2011/04/27,0.657
2011/04/28,0.725
2011/04/29,0.739
2011/04/30,0.981
2011/05/01,0.847
2011/05/02,0.741
2011/05/03,0.847
2011/05/04,0.636
2011/05/05,0.636
2011/05/06,0.53
2011/05/07,0.636
2011/05/08,1.165
2011/05/09,0.847
2011/05/10,0.953
2011/05/11,0.953
2011/05/12,1.165
2011/05/13,1.271
2011/05/14,1.271
2011/05/15,1.271
2011/05/16,4.661
2011/05/17,3.707
2011/05/18,2.542
2011/05/19,4.978
2011/05/20,4.237
2011/05/21,2.966
2011/05/22,2.33
2011/05/23,2.648
2011/05/24,2.436
2011/05/25,4.555
2011/05/26,2.224
2011/05/27,2.754
2011/05/28,1.907
2011/05/29,2.436
2011/05/30,2.542
2011/05/31,6.885
2011/06/01,5.508
2011/06/02,7.097
2011/06/03,6.461
2011/06/04,6.673
2011/06/05,5.826
2011/06/06,5.72
2011/06/07,4.661
2011/06/08,7.627
2011/06/09,7.309
2011/06/10,7.203
2011/06/11,9.321
2011/06/12,9.321
2011/06/13,7.203
2011/06/14,7.732
2011/06/15,10.592
2011/06/16,8.474
2011/06/17,7.309
2011/06/18,7.521
2011/06/19,7.627
2011/06/20,9.957
2011/06/21,7.521
2011/06/22,7.309
2011/06/23,5.826
2011/06/24,4.978
2011/06/25,4.237
2011/06/26,4.661
2011/06/27,4.555
2011/06/28,4.555
2011/06/29,3.919
2011/06/30,3.178
2011/07/01,3.394
2011/07/02,3.239
2011/07/03,3.281
2011/07/04,2.892
2011/07/05,3.41
2011/07/06,3.08
2011/07/07,4.652
2011/07/08,2.76
2011/07/09,3.386
2011/07/10,3.463
2011/07/11,3.05
2011/07/12,2.583
2011/07/13,2.939
2011/07/14,4.031
2011/07/15,2.902
2011/07/16,2.837
2011/07/17,2.607
2011/07/18,3.162
2011/07/19,2.997
2011/07/20,3.217
2011/07/21,2.63
2011/07/22,2.53
2011/07/23,2.459
2011/07/24,2.76
2011/07/25,2.364
2011/07/26,2.707
2011/07/27,2.565
2011/07/28,2.429
2011/07/29,2.353
2011/07/30,2.453
2011/07/31,2.548
2011/08/01,2.565
2011/08/02,2.992
2011/08/03,2.802
2011/08/04,2.945
2011/08/05,3.23
2011/08/06,2.945
2011/08/07,3.372
2011/08/08,2.707
2011/08/09,2.517
2011/08/10,2.66
2011/08/11,1.9
2011/08/12,2.042
2011/08/13,2.042
2011/08/14,2.612
2011/08/15,2.232
2011/08/16,2.185
2011/08/17,2.992
2011/08/18,3.04
2011/08/19,2.09
2011/08/20,2.137
2011/08/21,3.087
2011/08/22,2.042
2011/08/23,2.565
2011/08/24,3.42
2011/08/25,2.517
2011/08/26,1.947
2011/08/27,2.47
2011/08/28,2.09
2011/08/29,1.852
2011/08/30,1.9
2011/08/31,1.805
2011/09/01,1.9
2011/09/02,1.995
2011/09/03,1.805
2011/09/04,2.375
2011/09/05,1.852
2011/09/06,2.612
2011/09/07,1.615
2011/09/08,2.09
2011/09/09,2.66
2011/09/10,2.327
2011/09/11,2.47
2011/09/12,1.14
2011/09/13,1.615
2011/09/14,1.52
2011/09/15,1.472
2011/09/16,1.662
2011/09/17,1.282
2011/09/18,1.947
2011/09/19,1.615
2011/09/20,1.472
2011/09/21,1.377
2011/09/22,1.567
2011/09/23,1.472
2011/09/24,1.71
2011/09/25,1.425
2011/09/26,1.52
2011/09/27,1.282
2011/09/28,0.902
2011/09/29,1.14
2011/09/30,1.71
2011/10/01,1.464
2011/10/02,1.396
2011/10/03,1.196
2011/10/04,1.681
2011/10/05,1.41
2011/10/06,1.308
2011/10/07,1.193
2011/10/08,1.786
2011/10/09,1.711
2011/10/10,1.484
2011/10/11,1.213
2011/10/12,1.511
2011/10/13,1.467
2011/10/14,1.305
2011/10/15,1.186
2011/10/16,1.051
2011/10/17,1.281
2011/10/18,1.637
2011/10/19,1.616
2011/10/20,1.298
2011/10/21,0.942
2011/10/22,1.115
2011/10/23,1.091
2011/10/24,1.447
2011/10/25,1.139
2011/10/26,1.067
2011/10/27,0.806
2011/10/28,0.956
2011/10/29,0.854
2011/10/30,0.942
2011/10/31,0.962
2011/11/01,1.95
2011/11/02,1.34
2011/11/03,1.178
2011/11/04,1.015
2011/11/05,0.894
2011/11/06,0.772
2011/11/07,1.056
2011/11/08,0.772
2011/11/09,0.894
2011/11/10,0.934
2011/11/11,0.812
2011/11/12,0.812
2011/11/13,0.772
2011/11/14,1.097
2011/11/15,0.812
2011/11/16,0.812
2011/11/17,0.69
2011/11/18,0.934
2011/11/19,0.975
2011/11/20,0.975
2011/11/21,0.69
2011/11/22,0.528
2011/11/23,0.731
2011/11/24,0.812
2011/11/25,0.853
2011/11/26,0.975
2011/11/27,0.853
2011/11/28,1.056
2011/11/29,1.056
2011/11/30,0.812
2011/12/01,0.894
2011/12/02,1.097
2011/12/03,1.097
2011/12/04,0.853
2011/12/05,0.853
2011/12/06,0.609
2011/12/07,0.812
2011/12/08,0.772
2011/12/09,0.812
2011/12/10,0.609
2011/12/11,1.015
2011/12/12,0.812
2011/12/13,0.487
2011/12/14,0.609
2011/12/15,0.853
2011/12/16,0.69
2011/12/17,0.731
2011/12/18,0.772
2011/12/19,0.69
2011/12/20,0.772
2011/12/21,0.934
2011/12/22,0.853
2011/12/23,1.015
2011/12/24,0.731
2011/12/25,0.934
2011/12/26,0.731
2011/12/27,1.056
2011/12/28,0.934
2011/12/29,0.934
2011/12/30,0.69
2011/12/31,0.934
2012/01/01,1
2012/01/02,1.089
2012/01/03,1.13
2012/01/04,0.926
2012/01/05,1.29
2012/01/06,1.31
2012/01/07,1.068
2012/01/08,1.27
2012/01/09,1.37
2012/01/10,1.25
2012/01/11,1.248
2012/01/12,1.149
2012/01/13,0.987
2012/01/14,0.766
2012/01/15,0.886
2012/01/16,4.031
2012/01/17,2.177
2012/01/18,1.432
2012/01/19,1.349
2012/01/20,1.209
2012/01/21,1.43
2012/01/22,1.129
2012/01/23,1.17
2012/01/24,0.907
2012/01/25,1.167
2012/01/26,1.028
2012/01/27,1.108
2012/01/28,1.27
2012/01/29,1.129
2012/01/30,1.109
2012/01/31,1.089
2012/02/01,1.12
2012/02/02,1
2012/02/03,1.4
2012/02/04,1.2
2012/02/05,1.2
2012/02/06,1
2012/02/07,1.12
2012/02/08,1.08
2012/02/09,1.04
2012/02/10,1.2
2012/02/11,0.96
2012/02/12,0.92
2012/02/13,0.92
2012/02/14,0.92
2012/02/15,1.2
2012/02/16,1.16
2012/02/17,0.96
2012/02/18,0.92
2012/02/19,1
2012/02/20,0.84
2012/02/21,0.84
2012/02/22,0.96
2012/02/23,0.84
2012/02/24,0.8
2012/02/25,0.8
2012/02/26,0.84
2012/02/27,0.88
2012/02/28,0.88
2012/02/29,0.96
2012/03/01,0.88
2012/03/02,1.24
2012/03/03,1.32
2012/03/04,0.96
2012/03/05,0.8
2012/03/06,1
2012/03/07,0.68
2012/03/08,0.8
2012/03/09,0.84
2012/03/10,0.84
2012/03/11,0.8
2012/03/12,0.68
2012/03/13,1
2012/03/14,0.92
2012/03/15,0.8
2012/03/16,0.72
2012/03/17,0.88
2012/03/18,0.84
2012/03/19,0.72
2012/03/20,1.04
2012/03/21,0.8
2012/03/22,1.12
2012/03/23,0.8
2012/03/24,1
2012/03/25,0.76
2012/03/26,0.88
2012/03/27,0.8
2012/03/28,1.08
2012/03/29,0.76
2012/03/30,0.64
2012/03/31,1.12
2012/04/01,0.803
2012/04/02,1.472
2012/04/03,1.334
2012/04/04,1.277
2012/04/05,1.095
2012/04/06,0.922
2012/04/07,1.08
2012/04/08,1.017
2012/04/09,0.58
2012/04/10,1.101
2012/04/11,1.007
2012/04/12,1.021
2012/04/13,1.171
2012/04/14,0.958
2012/04/15,0.994
2012/04/16,0.694
2012/04/17,0.715
2012/04/18,1.469
2012/04/19,1.035
2012/04/20,0.921
2012/04/21,1.029
2012/04/22,1.131
2012/04/23,1.169
2012/04/24,0.914
2012/04/25,0.936
2012/04/26,1.297
2012/04/27,1.529
2012/04/28,1.161
2012/04/29,0.815
2012/04/30,0.996
2012/05/01,1.02
2012/05/02,0.938
2012/05/03,0.79
2012/05/04,1.02
2012/05/05,0.922
2012/05/06,1.399
2012/05/07,1.086
2012/05/08,0.774
2012/05/09,0.872
2012/05/10,1.152
2012/05/11,1.185
2012/05/12,1.086
2012/05/13,1.037
2012/05/14,1.317
2012/05/15,0.955
2012/05/16,0.823
2012/05/17,0.543
2012/05/18,0.872
2012/05/19,0.955
2012/05/20,0.741
2012/05/21,1.053
2012/05/22,0.757
2012/05/23,0.839
2012/05/24,0.922
2012/05/25,0.724
2012/05/26,0.987
2012/05/27,0.987
2012/05/28,0.938
2012/05/29,0.938
2012/05/30,0.856
2012/05/31,0.691
2012/06/01,0.757
2012/06/02,0.609
2012/06/03,0.708
2012/06/04,0.823
2012/06/05,0.889
2012/06/06,0.856
2012/06/07,0.823
2012/06/08,1.251
2012/06/09,1.267
2012/06/10,1.037
2012/06/11,1.004
2012/06/12,0.856
2012/06/13,1.432
2012/06/14,1.037
2012/06/15,1.02
2012/06/16,1.053
2012/06/17,1.136
2012/06/18,0.741
2012/06/19,1.169
2012/06/20,1.053
2012/06/21,0.938
2012/06/22,0.806
2012/06/23,1.169
2012/06/24,0.987
2012/06/25,0.889
2012/06/26,0.856
2012/06/27,1.053
2012/06/28,1.02
2012/06/29,1.119
2012/06/30,0.823
2012/07/01,1.081
2012/07/02,0.846
2012/07/03,0.879
2012/07/04,0.963
2012/07/05,0.822
2012/07/06,0.787
2012/07/07,0.874
2012/07/08,0.854
2012/07/09,1.363
2012/07/10,1.109
2012/07/11,1.443
2012/07/12,1.325
2012/07/13,1.079
2012/07/14,1.082
2012/07/15,1.217
2012/07/16,1.141
2012/07/17,1.313
2012/07/18,1.299
2012/07/19,1.472
2012/07/20,1.396
2012/07/21,1.491
2012/07/22,1.234
2012/07/23,1.334
2012/07/24,1.225
2012/07/25,0.938
2012/07/26,1.182
2012/07/27,0.981
2012/07/28,0.858
2012/07/29,0.917
2012/07/30,1.101
2012/07/31,1.2
2012/08/01,0.923
2012/08/02,1.025
2012/08/03,1.094
2012/08/04,1.675
2012/08/05,1.025
2012/08/06,1.162
2012/08/07,1.299
2012/08/08,1.367
2012/08/09,1.538
2012/08/10,1.299
2012/08/11,1.06
2012/08/12,1.641
2012/08/13,1.265
2012/08/14,1.436
2012/08/15,1.23
2012/08/16,1.709
2012/08/17,1.948
2012/08/18,1.333
2012/08/19,2.222
2012/08/20,1.504
2012/08/21,2.188
2012/08/22,2.324
2012/08/23,1.743
2012/08/24,1.675
2012/08/25,1.641
2012/08/26,1.265
2012/08/27,1.777
2012/08/28,1.06
2012/08/29,1.333
2012/08/30,1.128
2012/08/31,1.401
2012/09/01,0.889
2012/09/02,1.06
2012/09/03,1.401
2012/09/04,1.128
2012/09/05,3.418
2012/09/06,3.076
2012/09/07,2.324
2012/09/08,1.846
2012/09/09,1.982
2012/09/10,1.47
2012/09/11,1.367
2012/09/12,1.265
2012/09/13,1.367
2012/09/14,1.47
2012/09/15,1.846
2012/09/16,1.504
2012/09/17,1.094
2012/09/18,1.504
2012/09/19,1.982
2012/09/20,1.265
2012/09/21,1.162
2012/09/22,1.265
2012/09/23,1.23
2012/09/24,1.47
2012/09/25,1.367
2012/09/26,1.709
2012/09/27,1.333
2012/09/28,1.504
2012/09/29,0.957
2012/09/30,1.436
2012/10/01,1.726
2012/10/02,1.658
2012/10/03,1.509
2012/10/04,1.106
2012/10/05,1.411
2012/10/06,1.152
2012/10/07,1.357
2012/10/08,1.137
2012/10/09,1.309
2012/10/10,1.309
2012/10/11,1.546
2012/10/12,1.384
2012/10/13,1.169
2012/10/14,1.315
2012/10/15,1.197
2012/10/16,1.348
2012/10/17,1.14
2012/10/18,1.272
2012/10/19,1.305
2012/10/20,1.177
2012/10/21,1.128
2012/10/22,1.034
2012/10/23,1.072
2012/10/24,1.229
2012/10/25,1.074
2012/10/26,1.04
2012/10/27,1.057
2012/10/28,0.949
2012/10/29,0.932
2012/10/30,1.052
2012/10/31,1.074
2012/11/01,0.974
2012/11/02,0.946
2012/11/03,1.175
2012/11/04,1.404
2012/11/05,1.605
2012/11/06,1.089
2012/11/07,1.06
2012/11/08,1.175
2012/11/09,0.946
2012/11/10,1.204
2012/11/11,1.003
2012/11/12,1.576
2012/11/13,1.032
2012/11/14,1.089
2012/11/15,0.946
2012/11/16,2.178
2012/11/17,1.691
2012/11/18,1.519
2012/11/19,1.576
2012/11/20,1.376
2012/11/21,1.175
2012/11/22,1.462
2012/11/23,1.232
2012/11/24,1.519
2012/11/25,1.548
2012/11/26,1.92
2012/11/27,1.404
2012/11/28,2.637
2012/11/29,1.691
2012/11/30,1.347
2012/12/01,1.433
2012/12/02,1.72
2012/12/03,1.347
2012/12/04,1.261
2012/12/05,1.175
2012/12/06,1.72
2012/12/07,2.006
2012/12/08,2.293
2012/12/09,2.866
2012/12/10,2.321
2012/12/11,2.235
2012/12/12,1.92
2012/12/13,1.433
2012/12/14,1.863
2012/12/15,1.777
2012/12/16,1.72
2012/12/17,1.519
2012/12/18,1.662
2012/12/19,1.318
2012/12/20,1.261
2012/12/21,1.06
2012/12/22,1.232
2012/12/23,1.118
2012/12/24,1.404
2012/12/25,1.376
2012/12/26,1.232
2012/12/27,1.605
2012/12/28,1.204
2012/12/29,1.318
2012/12/30,1.576
2012/12/31,1.318
2013/01/01,1.194
2013/01/02,1.497
2013/01/03,1.798
2013/01/04,1.841
2013/01/05,1.826
2013/01/06,2.187
2013/01/07,1.755
2013/01/08,1.769
2013/01/09,2.029
2013/01/10,2.087
2013/01/11,1.612
2013/01/12,1.626
2013/01/13,2.13
2013/01/14,1.698
2013/01/15,1.54
2013/01/16,1.64
2013/01/17,2.087
2013/01/18,1.64
2013/01/19,1.569
2013/01/20,1.483
2013/01/21,1.597
2013/01/22,1.698
2013/01/23,1.755
2013/01/24,2.216
2013/01/25,1.64
2013/01/26,1.655
2013/01/27,1.569
2013/01/28,2.201
2013/01/29,2.547
2013/01/30,2.187
2013/01/31,2.805
2013/02/01,2.745
2013/02/02,2.745
2013/02/03,2.745
2013/02/04,2.196
2013/02/05,2.196
2013/02/06,2.745
2013/02/07,1.647
2013/02/08,2.196
2013/02/09,2.196
2013/02/10,2.196
2013/02/11,2.196
2013/02/12,3.294
2013/02/13,2.196
2013/02/14,3.294
2013/02/15,2.745
2013/02/16,3.294
2013/02/17,3.294
2013/02/18,3.842
2013/02/19,2.745
2013/02/20,3.294
2013/02/21,2.745
2013/02/22,3.294
2013/02/23,3.294
2013/02/24,2.745
2013/02/25,3.294
2013/02/26,2.745
2013/02/27,3.294
2013/02/28,4.391
2013/03/01,4.391
2013/03/02,2.745
2013/03/03,3.294
2013/03/04,3.294
2013/03/05,4.391
2013/03/06,6.038
2013/03/07,4.94
2013/03/08,4.94
2013/03/09,4.391
2013/03/10,5.489
2013/03/11,4.94
2013/03/12,7.136
2013/03/13,5.489
2013/03/14,4.391
2013/03/15,3.842
2013/03/16,3.842
2013/03/17,4.391
2013/03/18,5.489
2013/03/19,6.587
2013/03/20,7.685
2013/03/21,9.332
2013/03/22,10.429
2013/03/23,11.527
2013/03/24,8.783
2013/03/25,8.783
2013/03/26,9.332
2013/03/27,10.978
2013/03/28,14.272
2013/03/29,16.468
2013/03/30,14.272
2013/03/31,12.625
2013/04/01,15.248
2013/04/02,17.192
2013/04/03,26.608
2013/04/04,24.681
2013/04/05,20.514
2013/04/06,16.632
2013/04/07,16.917
2013/04/08,25.225
2013/04/09,30.776
2013/04/10,47.699
2013/04/11,55.458
2013/04/12,49.071
2013/04/13,30.776
2013/04/14,26.059
2013/04/15,25.505
2013/04/16,21.909
2013/04/17,18.85
2013/04/18,18.021
2013/04/19,15.248
2013/04/20,11.64
2013/04/21,12.201
2013/04/22,11.926
2013/04/23,13.864
2013/04/24,13.03
2013/04/25,11.372
2013/04/26,11.092
2013/04/27,9.702
2013/04/28,9.982
2013/04/29,9.708
2013/04/30,9.148
2013/05/01,11.205
2013/05/02,11.765
2013/05/03,12.325
2013/05/04,10.084
2013/05/05,9.524
2013/05/06,9.524
2013/05/07,8.403
2013/05/08,7.843
2013/05/09,8.403
2013/05/10,7.843
2013/05/11,7.283
2013/05/12,7.283
2013/05/13,8.403
2013/05/14,8.403
2013/05/15,9.524
2013/05/16,8.403
2013/05/17,7.843
2013/05/18,7.843
2013/05/19,9.524
2013/05/20,8.403
2013/05/21,7.283
2013/05/22,6.723
2013/05/23,6.163
2013/05/24,6.163
2013/05/25,6.163
2013/05/26,5.602
2013/05/27,5.602
2013/05/28,7.283
2013/05/29,8.403
2013/05/30,7.283
2013/05/31,6.723
2013/06/01,6.163
2013/06/02,6.723
2013/06/03,5.602
2013/06/04,6.163
2013/06/05,5.602
2013/06/06,5.042
2013/06/07,5.602
2013/06/08,5.602
2013/06/09,7.283
2013/06/10,6.163
2013/06/11,6.163
2013/06/12,6.163
2013/06/13,5.042
2013/06/14,5.042
2013/06/15,5.042
2013/06/16,5.042
2013/06/17,5.042
2013/06/18,6.163
2013/06/19,4.482
2013/06/20,4.482
2013/06/21,5.042
2013/06/22,4.482
2013/06/23,5.602
2013/06/24,5.602
2013/06/25,6.163
2013/06/26,5.042
2013/06/27,5.602
2013/06/28,5.042
2013/06/29,4.482
2013/06/30,6.163
2013/07/01,6.772
2013/07/02,10.468
2013/07/03,7.362
2013/07/04,6.027
2013/07/05,6.772
2013/07/06,6.182
2013/07/07,5.467
2013/07/08,5.157
2013/07/09,5.592
2013/07/10,5.592
2013/07/11,5.312
2013/07/12,5.437
2013/07/13,4.691
2013/07/14,4.131
2013/07/15,5.002
2013/07/16,4.721
2013/07/17,4.411
2013/07/18,4.411
2013/07/19,4.411
2013/07/20,3.821
2013/07/21,4.256
2013/07/22,5.157
2013/07/23,5.157
2013/07/24,5.002
2013/07/25,5.157
2013/07/26,4.566
2013/07/27,3.821
2013/07/28,4.566
2013/07/29,4.411
2013/07/30,5.437
2013/07/31,4.846
2013/08/01,4.961
2013/08/02,4.341
2013/08/03,4.651
2013/08/04,5.271
2013/08/05,5.581
2013/08/06,4.651
2013/08/07,4.341
2013/08/08,5.891
2013/08/09,4.961
2013/08/10,4.031
2013/08/11,4.961
2013/08/12,5.891
2013/08/13,5.891
2013/08/14,7.752
2013/08/15,6.201
2013/08/16,6.201
2013/08/17,4.961
2013/08/18,5.271
2013/08/19,6.511
2013/08/20,6.511
2013/08/21,6.201
2013/08/22,6.201
2013/08/23,5.581
2013/08/24,5.271
2013/08/25,4.961
2013/08/26,5.271
2013/08/27,6.511
2013/08/28,5.581
2013/08/29,4.961
2013/08/30,5.271
2013/08/31,4.961
2013/09/01,4.341
2013/09/02,4.341
2013/09/03,4.031
2013/09/04,4.651
2013/09/05,5.271
2013/09/06,4.651
2013/09/07,4.031
2013/09/08,4.651
2013/09/09,5.271
2013/09/10,4.031
2013/09/11,4.341
2013/09/12,4.651
2013/09/13,4.031
2013/09/14,4.031
2013/09/15,4.031
2013/09/16,4.341
2013/09/17,4.651
2013/09/18,4.341
2013/09/19,4.341
2013/09/20,4.961
2013/09/21,4.031
2013/09/22,4.341
2013/09/23,4.961
2013/09/24,4.961
2013/09/25,4.651
2013/09/26,4.651
2013/09/27,4.961
2013/09/28,4.031
2013/09/29,4.031
2013/09/30,4.651
2013/10/01,4.174
2013/10/02,9.828
2013/10/03,16.042
2013/10/04,10.508
2013/10/05,7.634
2013/10/06,6.799
2013/10/07,6.894
2013/10/08,6.429
2013/10/09,6.059
2013/10/10,5.224
2013/10/11,4.914
2013/10/12,4.544
2013/10/13,4.544
2013/10/14,5.379
2013/10/15,5.904
2013/10/16,5.904
2013/10/17,5.594
2013/10/18,5.749
2013/10/19,6.059
2013/10/20,5.534
2013/10/21,6.214
2013/10/22,7.049
2013/10/23,7.944
2013/10/24,7.049
2013/10/25,7.109
2013/10/26,8.623
2013/10/27,8.099
2013/10/28,9.148
2013/10/29,18.917
2013/10/30,30.665
2013/10/31,20.682
2013/11/01,15.532
2013/11/02,13.313
2013/11/03,11.094
2013/11/04,14.052
2013/11/05,14.052
2013/11/06,15.532
2013/11/07,19.969
2013/11/08,19.23
2013/11/09,19.969
2013/11/10,17.75
2013/11/11,15.532
2013/11/12,15.532
2013/11/13,19.969
2013/11/14,19.23
2013/11/15,20.709
2013/11/16,17.75
2013/11/17,19.969
2013/11/18,45.855
2013/11/19,64.346
2013/11/20,45.855
2013/11/21,34.761
2013/11/22,36.241
2013/11/23,32.543
2013/11/24,29.584
2013/11/25,29.584
2013/11/26,31.063
2013/11/27,51.772
2013/11/28,73.96
2013/11/29,66.564
2013/11/30,53.251
2013/12/01,45.855
2013/12/02,48.074
2013/12/03,44.376
2013/12/04,38.459
2013/12/05,53.251
2013/12/06,49.553
2013/12/07,53.251
2013/12/08,39.939
2013/12/09,38.459
2013/12/10,35.501
2013/12/11,33.282
2013/12/12,32.543
2013/12/13,31.803
2013/12/14,26.626
2013/12/15,28.845
2013/12/16,31.803
2013/12/17,32.543
2013/12/18,58.429
2013/12/19,39.939
2013/12/20,31.063
2013/12/21,28.845
2013/12/22,25.886
2013/12/23,25.886
2013/12/24,24.407
2013/12/25,22.188
2013/12/26,21.449
2013/12/27,23.667
2013/12/28,19.969
2013/12/29,19.969
2013/12/30,20.709
2013/12/31,19.969
2014/01/01,17.183
2014/01/02,19.49
2014/01/03,21.497
2014/01/04,17.923
2014/01/05,21.127
2014/01/06,25.968
2014/01/07,23.803
2014/01/08,24.472
2014/01/09,23.504
2014/01/10,24.243
2014/01/11,20.458
2014/01/12,19.56
2014/01/13,19.93
2014/01/14,20.828
2014/01/15,21.197
2014/01/16,24.842
2014/01/17,24.173
2014/01/18,19.19
2014/01/19,18.451
2014/01/20,22.764
2014/01/21,23.205
2014/01/22,24.771
2014/01/23,23.433
2014/01/24,22.536
2014/01/25,18.821
2014/01/26,18.592
2014/01/27,26.778
2014/01/28,29.455
2014/01/29,21.867
2014/01/30,20.159
2014/01/31,18.521
2014/02/01,17.356
2014/02/02,16.757
2014/02/03,15.56
2014/02/04,17.356
2014/02/05,17.356
2014/02/06,17.954
2014/02/07,25.136
2014/02/08,18.553
2014/02/09,19.75
2014/02/10,29.325
2014/02/11,26.931
2014/02/12,23.34
2014/02/13,20.946
2014/02/14,26.931
2014/02/15,19.151
2014/02/16,19.75
2014/02/17,18.553
2014/02/18,20.348
2014/02/19,19.75
2014/02/20,23.939
2014/02/21,20.348
2014/02/22,17.954
2014/02/23,16.159
2014/02/24,25.734
2014/02/25,59.847
2014/02/26,44.885
2014/02/27,28.128
2014/02/28,39.499
2014/03/01,30.522
2014/03/02,21.545
2014/03/03,23.34
2014/03/04,22.742
2014/03/05,25.136
2014/03/06,38.901
2014/03/07,48.476
2014/03/08,23.34
2014/03/09,18.553
2014/03/10,19.151
2014/03/11,17.356
2014/03/12,15.56
2014/03/13,14.962
2014/03/14,14.363
2014/03/15,13.166
2014/03/16,10.772
2014/03/17,12.568
2014/03/18,13.166
2014/03/19,12.568
2014/03/20,14.962
2014/03/21,17.356
2014/03/22,13.166
2014/03/23,11.371
2014/03/24,13.166
2014/03/25,16.159
2014/03/26,16.159
2014/03/27,16.159
2014/03/28,14.363
2014/03/29,11.371
2014/03/30,12.568
2014/03/31,13.166
2014/04/01,12.259
2014/04/02,12.628
2014/04/03,12.927
2014/04/04,11.103
2014/04/05,9.089
2014/04/06,8.95
2014/04/07,10.246
2014/04/08,10.176
2014/04/09,11.193
2014/04/10,13.854
2014/04/11,12.997
2014/04/12,9.229
2014/04/13,10.385
2014/04/14,10.754
2014/04/15,11.053
2014/04/16,12.189
2014/04/17,11.471
2014/04/18,9.946
2014/04/19,9.389
2014/04/20,8.511
2014/04/21,9.159
2014/04/22,9.319
2014/04/23,10.176
2014/04/24,9.967
2014/04/25,9.458
2014/04/26,8.142
2014/04/27,8.601
2014/04/28,9.319
2014/04/29,8.581
2014/04/30,9.688
2014/05/01,9.341
2014/05/02,7.947
2014/05/03,7.389
2014/05/04,7.25
2014/05/05,9.202
2014/05/06,8.644
2014/05/07,8.226
2014/05/08,8.086
2014/05/09,9.202
2014/05/10,6.971
2014/05/11,7.111
2014/05/12,7.25
2014/05/13,8.365
2014/05/14,8.086
2014/05/15,7.668
2014/05/16,8.784
2014/05/17,7.529
2014/05/18,7.25
2014/05/19,7.529
2014/05/20,8.784
2014/05/21,9.202
2014/05/22,9.76
2014/05/23,9.062
2014/05/24,7.947
2014/05/25,8.784
2014/05/26,10.457
2014/05/27,9.202
2014/05/28,10.038
2014/05/29,10.038
2014/05/30,10.038
2014/05/31,9.062
2014/06/01,9.899
2014/06/02,8.923
2014/06/03,10.875
2014/06/04,9.202
2014/06/05,9.202
2014/06/06,8.365
2014/06/07,7.668
2014/06/08,7.529
2014/06/09,6.553
2014/06/10,8.923
2014/06/11,9.202
2014/06/12,10.038
2014/06/13,10.875
2014/06/14,9.062
2014/06/15,8.923
2014/06/16,9.341
2014/06/17,9.76
2014/06/18,9.202
2014/06/19,8.784
2014/06/20,7.808
2014/06/21,6.971
2014/06/22,7.668
2014/06/23,6.832
2014/06/24,7.111
2014/06/25,6.692
2014/06/26,6.832
2014/06/27,8.505
2014/06/28,6.971
2014/06/29,7.389
2014/06/30,8.784
2014/07/01,8.806
2014/07/02,9.429
2014/07/03,8.425
2014/07/04,7.513
2014/07/05,6.56
2014/07/06,7.532
2014/07/07,8.615
2014/07/08,8.016
2014/07/09,7.314
2014/07/10,8.067
2014/07/11,7.746
2014/07/12,6.993
2014/07/13,6.672
2014/07/14,7.211
2014/07/15,7.802
2014/07/16,8.657
2014/07/17,8.815
2014/07/18,8.206
2014/07/19,8.513
2014/07/20,8.174
2014/07/21,8.095
2014/07/22,8.337
2014/07/23,7.351
2014/07/24,8.164
2014/07/25,7.383
2014/07/26,6.914
2014/07/27,7.374
2014/07/28,7.644
2014/07/29,7.374
2014/07/30,7.946
2014/07/31,8.155
2014/08/01,7.377
2014/08/02,6.531
2014/08/03,6.893
2014/08/04,7.014
2014/08/05,7.982
2014/08/06,8.345
2014/08/07,8.707
2014/08/08,7.74
2014/08/09,6.772
2014/08/10,7.498
2014/08/11,7.74
2014/08/12,8.103
2014/08/13,11.852
2014/08/14,9.796
2014/08/15,9.554
2014/08/16,9.554
2014/08/17,8.224
2014/08/18,10.159
2014/08/19,8.587
2014/08/20,8.587
2014/08/21,7.861
2014/08/22,7.982
2014/08/23,7.982
2014/08/24,7.982
2014/08/25,7.377
2014/08/26,7.498
2014/08/27,7.498
2014/08/28,7.377
2014/08/29,7.135
2014/08/30,7.377
2014/08/31,7.74
2014/09/01,9.07
2014/09/02,7.982
2014/09/03,8.103
2014/09/04,8.345
2014/09/05,8.345
2014/09/06,7.377
2014/09/07,7.498
2014/09/08,8.103
2014/09/09,9.07
2014/09/10,10.763
2014/09/11,12.094
2014/09/12,9.07
2014/09/13,6.893
2014/09/14,8.103
2014/09/15,8.224
2014/09/16,7.498
2014/09/17,7.619
2014/09/18,7.619
2014/09/19,9.675
2014/09/20,7.377
2014/09/21,7.498
2014/09/22,7.982
2014/09/23,8.707
2014/09/24,10.159
2014/09/25,8.466
2014/09/26,7.982
2014/09/27,7.014
2014/09/28,7.619
2014/09/29,8.828
2014/09/30,8.345
2014/10/01,7.415
2014/10/02,7.943
2014/10/03,8.366
2014/10/04,8.332
2014/10/05,10.132
2014/10/06,11.256
2014/10/07,9.785
2014/10/08,8.592
2014/10/09,8.86
2014/10/10,8.064
2014/10/11,7.717
2014/10/12,7.268
2014/10/13,8.03
2014/10/14,8.929
2014/10/15,9.076
2014/10/16,8.064
2014/10/17,7.623
2014/10/18,7.502
2014/10/19,7
2014/10/20,6.853
2014/10/21,6.974
2014/10/22,7.328
2014/10/23,7.709
2014/10/24,6.558
2014/10/25,6.316
2014/10/26,7.094
2014/10/27,6.619
2014/10/28,7.234
2014/10/29,7.181
2014/10/30,6.8
2014/10/31,5.944
2014/11/01,6.759
2014/11/02,7.106
2014/11/03,7.279
2014/11/04,7.106
2014/11/05,6.933
2014/11/06,7.973
2014/11/07,7.453
2014/11/08,7.106
2014/11/09,7.626
2014/11/10,8.319
2014/11/11,7.799
2014/11/12,9.532
2014/11/13,9.879
2014/11/14,7.973
2014/11/15,8.319
2014/11/16,8.146
2014/11/17,7.973
2014/11/18,8.666
2014/11/19,8.146
2014/11/20,7.106
2014/11/21,7.106
2014/11/22,7.279
2014/11/23,6.066
2014/11/24,7.106
2014/11/25,7.106
2014/11/26,6.759
2014/11/27,6.586
2014/11/28,6.933
2014/11/29,6.239
2014/11/30,6.759
2014/12/01,7.799
2014/12/02,7.626
2014/12/03,7.626
2014/12/04,6.759
2014/12/05,6.586
2014/12/06,5.893
2014/12/07,7.453
2014/12/08,7.279
2014/12/09,7.453
2014/12/10,7.626
2014/12/11,10.399
2014/12/12,9.359
2014/12/13,7.453
2014/12/14,7.799
2014/12/15,7.626
2014/12/16,8.666
2014/12/17,8.319
2014/12/18,8.146
2014/12/19,7.626
2014/12/20,7.626
2014/12/21,8.146
2014/12/22,7.626
2014/12/23,7.626
2014/12/24,6.586
2014/12/25,6.933
2014/12/26,8.493
2014/12/27,17.332
2014/12/28,7.279
2014/12/29,6.933
2014/12/30,6.759
2014/12/31,6.933
2015/01/01,6.703
2015/01/02,7.625
2015/01/03,7.736
2015/01/04,9.266
2015/01/05,9.439
2015/01/06,10.401
2015/01/07,8.122
2015/01/08,7.562
2015/01/09,8.595
2015/01/10,7.949
2015/01/11,6.876
2015/01/12,7.16
2015/01/13,9.383
2015/01/14,13.69
2015/01/15,12.017
2015/01/16,9.983
2015/01/17,8.437
2015/01/18,7.633
2015/01/19,7.191
2015/01/20,7.42
2015/01/21,8.122
2015/01/22,8.193
2015/01/23,7.365
2015/01/24,7.42
2015/01/25,7.12
2015/01/26,10.629
2015/01/27,9.139
2015/01/28,8.351
2015/01/29,8.564
2015/01/30,7.578
2015/01/31,6.545
2015/02/01,7.53
2015/02/02,6.677
2015/02/03,7.103
2015/02/04,6.961
2015/02/05,7.814
2015/02/06,7.53
2015/02/07,8.524
2015/02/08,8.382
2015/02/09,8.382
2015/02/10,8.098
2015/02/11,7.53
2015/02/12,7.388
2015/02/13,7.103
2015/02/14,6.819
2015/02/15,7.103
2015/02/16,7.245
2015/02/17,7.245
2015/02/18,7.814
2015/02/19,7.814
2015/02/20,11.508
2015/02/21,6.961
2015/02/22,7.672
2015/02/23,6.961
2015/02/24,6.677
2015/02/25,6.677
2015/02/26,6.535
2015/02/27,6.961
2015/02/28,6.535
2015/03/01,6.961
2015/03/02,7.672
2015/03/03,8.098
2015/03/04,8.24
2015/03/05,7.956
2015/03/06,8.808
2015/03/07,9.092
2015/03/08,7.956
2015/03/09,7.814
2015/03/10,8.098
2015/03/11,8.098
2015/03/12,7.814
2015/03/13,7.672
2015/03/14,7.388
2015/03/15,7.388
2015/03/16,7.245
2015/03/17,7.245
2015/03/18,7.388
2015/03/19,7.53
2015/03/20,7.103
2015/03/21,7.245
2015/03/22,6.393
2015/03/23,7.814
2015/03/24,7.245
2015/03/25,7.103
2015/03/26,6.819
2015/03/27,6.109
2015/03/28,5.967
2015/03/29,5.967
2015/03/30,7.103
2015/03/31,6.961
2015/04/01,7.149
2015/04/02,7.142
2015/04/03,6.828
2015/04/04,6.294
2015/04/05,6.28
2015/04/06,6.865
2015/04/07,6.957
2015/04/08,7.028
2015/04/09,7.227
2015/04/10,6.622
2015/04/11,6.466
2015/04/12,6.087
2015/04/13,6.75
2015/04/14,7.234
2015/04/15,6.544
2015/04/16,6.395
2015/04/17,6.152
2015/04/18,5.874
2015/04/19,5.925
2015/04/20,6.388
2015/04/21,6.551
2015/04/22,6.879
2015/04/23,7.149
2015/04/24,6.145
2015/04/25,6.01
2015/04/26,6.324
2015/04/27,6.395
2015/04/28,6.131
2015/04/29,6.53
2015/04/30,7.078
2015/05/01,6.553
2015/05/02,5.396
2015/05/03,5.653
2015/05/04,6.039
2015/05/05,6.424
2015/05/06,5.268
2015/05/07,6.553
2015/05/08,6.553
2015/05/09,5.653
2015/05/10,6.039
2015/05/11,6.424
2015/05/12,6.167
2015/05/13,6.424
2015/05/14,7.837
2015/05/15,6.424
2015/05/16,6.296
2015/05/17,6.681
2015/05/18,6.81
2015/05/19,6.553
2015/05/20,7.067
2015/05/21,6.553
2015/05/22,6.553
2015/05/23,6.681
2015/05/24,6.553
2015/05/25,5.653
2015/05/26,6.938
2015/05/27,6.424
2015/05/28,5.782
2015/05/29,6.938
2015/05/30,8.223
2015/05/31,7.195
2015/06/01,6.424
2015/06/02,6.81
2015/06/03,6.681
2015/06/04,6.938
2015/06/05,6.167
2015/06/06,5.91
2015/06/07,6.296
2015/06/08,6.553
2015/06/09,6.424
2015/06/10,6.296
2015/06/11,6.296
2015/06/12,5.396
2015/06/13,5.396
2015/06/14,6.424
2015/06/15,5.91
2015/06/16,7.324
2015/06/17,7.324
2015/06/18,12.848
2015/06/19,7.709
2015/06/20,7.324
2015/06/21,6.167
2015/06/22,6.296
2015/06/23,6.81
2015/06/24,6.039
2015/06/25,7.581
2015/06/26,6.296
2015/06/27,6.681
2015/06/28,6.553
2015/06/29,8.094
2015/06/30,9.508
2015/07/01,8.473
2015/07/02,8.131
2015/07/03,7.585
2015/07/04,7.585
2015/07/05,8.729
2015/07/06,9.125
2015/07/07,8.258
2015/07/08,8.826
2015/07/09,8.109
2015/07/10,8.815
2015/07/11,8.334
2015/07/12,9.393
2015/07/13,8.676
2015/07/14,8.002
2015/07/15,7.82
2015/07/16,7.842
2015/07/17,7.392
2015/07/18,7.553
2015/07/19,7.638
2015/07/20,6.75
2015/07/21,7.071
2015/07/22,7.178
2015/07/23,6.879
2015/07/24,6.814
2015/07/25,6.975
2015/07/26,7.232
2015/07/27,7.938
2015/07/28,7.36
2015/07/29,7.36
2015/07/30,6.654
2015/07/31,6.579
2015/08/01,10.689
2015/08/02,9.299
2015/08/03,7.803
2015/08/04,7.482
2015/08/05,7.268
2015/08/06,6.627
2015/08/07,6.841
2015/08/08,6.627
2015/08/09,6.734
2015/08/10,6.627
2015/08/11,7.161
2015/08/12,6.52
2015/08/13,6.948
2015/08/14,6.52
2015/08/15,6.413
2015/08/16,7.161
2015/08/17,6.948
2015/08/18,8.23
2015/08/19,9.727
2015/08/20,8.551
2015/08/21,8.123
2015/08/22,7.589
2015/08/23,8.337
2015/08/24,9.192
2015/08/25,9.406
2015/08/26,8.123
2015/08/27,7.268
2015/08/28,7.161
2015/08/29,7.055
2015/08/30,6.948
2015/08/31,6.627
2015/09/01,6.841
2015/09/02,6.841
2015/09/03,6.734
2015/09/04,6.841
2015/09/05,6.413
2015/09/06,6.841
2015/09/07,6.199
2015/09/08,6.841
2015/09/09,6.413
2015/09/10,6.52
2015/09/11,6.627
2015/09/12,6.199
2015/09/13,6.199
2015/09/14,6.413
2015/09/15,6.734
2015/09/16,6.841
2015/09/17,7.375
2015/09/18,7.482
2015/09/19,6.734
2015/09/20,6.52
2015/09/21,6.734
2015/09/22,7.482
2015/09/23,6.627
2015/09/24,6.841
2015/09/25,6.948
2015/09/26,6.627
2015/09/27,5.879
2015/09/28,6.199
2015/09/29,6.841
2015/09/30,6.948
2015/10/01,6.409
2015/10/02,6.114
2015/10/03,5.954
2015/10/04,6.4
2015/10/05,6.614
2015/10/06,6.952
2015/10/07,6.836
2015/10/08,6.845
2015/10/09,6.56
2015/10/10,6.355
2015/10/11,6.569
2015/10/12,7.068
2015/10/13,6.676
2015/10/14,6.569
2015/10/15,6.676
2015/10/16,6.774
2015/10/17,7.113
2015/10/18,6.943
2015/10/19,6.836
2015/10/20,7.389
2015/10/21,7.059
2015/10/22,8.182
2015/10/23,7.291
2015/10/24,6.542
2015/10/25,7.835
2015/10/26,7.844
2015/10/27,8.691
2015/10/28,8.236
2015/10/29,9.056
2015/10/30,10.304
2015/10/31,8.343
2015/11/01,8.812
2015/11/02,10.899
2015/11/03,16.001
2015/11/04,20.871
2015/11/05,16.929
2015/11/06,13.682
2015/11/07,10.435
2015/11/08,9.972
2015/11/09,10.435
2015/11/10,10.435
2015/11/11,10.435
2015/11/12,9.508
2015/11/13,9.276
2015/11/14,7.653
2015/11/15,7.885
2015/11/16,8.58
2015/11/17,8.348
2015/11/18,8.58
2015/11/19,9.044
2015/11/20,8.812
2015/11/21,9.044
2015/11/22,7.653
2015/11/23,8.58
2015/11/24,8.58
2015/11/25,8.58
2015/11/26,9.044
2015/11/27,8.812
2015/11/28,8.116
2015/11/29,7.421
2015/11/30,9.276
2015/12/01,9.276
2015/12/02,8.348
2015/12/03,8.116
2015/12/04,7.421
2015/12/05,8.348
2015/12/06,8.812
2015/12/07,9.508
2015/12/08,11.131
2015/12/09,23.19
2015/12/10,14.841
2015/12/11,12.059
2015/12/12,10.667
2015/12/13,9.972
2015/12/14,9.508
2015/12/15,10.435
2015/12/16,10.435
2015/12/17,9.972
2015/12/18,8.812
2015/12/19,9.044
2015/12/20,8.812
2015/12/21,9.044
2015/12/22,8.812
2015/12/23,9.044
2015/12/24,9.508
2015/12/25,8.812
2015/12/26,9.508
2015/12/27,9.276
2015/12/28,9.276
2015/12/29,9.276
2015/12/30,8.812
2015/12/31,7.653
2016/01/01,7.601
2016/01/02,8.269
2016/01/03,8.397
2016/01/04,8.821
2016/01/05,8.421
2016/01/06,8.269
2016/01/07,9.925
2016/01/08,10.272
2016/01/09,8.937
2016/01/10,8.385
2016/01/11,8.821
2016/01/12,8.461
2016/01/13,8.577
2016/01/14,8.089
2016/01/15,12.096
2016/01/16,13.007
2016/01/17,10.4
2016/01/18,10.516
2016/01/19,9.757
2016/01/20,10.464
2016/01/21,9.733
2016/01/22,9.361
2016/01/23,8.705
2016/01/24,8.309
2016/01/25,8.897
2016/01/26,8.565
2016/01/27,8.449
2016/01/28,8.089
2016/01/29,7.665
2016/01/30,7.869
2016/01/31,7.729
2016/02/01,8.19
2016/02/02,7.934
2016/02/03,8.574
2016/02/04,8.574
2016/02/05,7.294
2016/02/06,7.678
2016/02/07,8.062
2016/02/08,7.678
2016/02/09,8.062
2016/02/10,8.702
2016/02/11,8.702
2016/02/12,8.19
2016/02/13,7.934
2016/02/14,8.446
2016/02/15,8.83
2016/02/16,9.214
2016/02/17,9.214
2016/02/18,10.877
2016/02/19,9.854
2016/02/20,9.214
2016/02/21,9.214
2016/02/22,9.214
2016/02/23,8.446
2016/02/24,9.086
2016/02/25,8.574
2016/02/26,8.062
2016/02/27,8.19
2016/02/28,7.55
2016/02/29,8.318
2016/03/01,9.726
2016/03/02,8.702
2016/03/03,8.958
2016/03/04,9.086
2016/03/05,8.574
2016/03/06,8.318
2016/03/07,9.342
2016/03/08,8.318
2016/03/09,7.934
2016/03/10,7.806
2016/03/11,8.19
2016/03/12,7.678
2016/03/13,7.55
2016/03/14,8.446
2016/03/15,8.83
2016/03/16,8.19
2016/03/17,8.574
2016/03/18,8.19
2016/03/19,7.678
2016/03/20,7.55
2016/03/21,7.934
2016/03/22,8.702
2016/03/23,7.934
2016/03/24,7.934
2016/03/25,7.806
2016/03/26,7.55
2016/03/27,7.934
2016/03/28,8.318
2016/03/29,8.446
2016/03/30,8.702
2016/03/31,8.062
2016/04/01,7.782
2016/04/02,7.51
2016/04/03,7.446
2016/04/04,7.846
2016/04/05,7.966
2016/04/06,8.102
2016/04/07,8.102
2016/04/08,7.838
2016/04/09,7.71
2016/04/10,8.046
2016/04/11,8.63
2016/04/12,8.11
2016/04/13,7.71
2016/04/14,7.846
2016/04/15,7.974
2016/04/16,7.19
2016/04/17,7.246
2016/04/18,7.454
2016/04/19,7.902
2016/04/20,8.174
2016/04/21,8.838
2016/04/22,8.894
2016/04/23,8.254
2016/04/24,8.966
2016/04/25,9.493
2016/04/26,9.757
2016/04/27,8.646
2016/04/28,10.173
2016/04/29,9.046
2016/04/30,8.11
2016/05/01,8.158
2016/05/02,27.192
2016/05/03,16.315
2016/05/04,11.421
2016/05/05,12.78
2016/05/06,11.149
2016/05/07,9.789
2016/05/08,9.517
2016/05/09,10.061
2016/05/10,10.605
2016/05/11,8.973
2016/05/12,9.245
2016/05/13,9.245
2016/05/14,8.43
2016/05/15,8.158
2016/05/16,8.702
2016/05/17,8.702
2016/05/18,8.973
2016/05/19,9.245
2016/05/20,9.245
2016/05/21,7.886
2016/05/22,8.158
2016/05/23,8.702
2016/05/24,8.702
2016/05/25,8.973
2016/05/26,8.43
2016/05/27,9.517
2016/05/28,11.965
2016/05/29,12.78
2016/05/30,12.78
2016/05/31,13.324
2016/06/01,11.149
2016/06/02,9.789
2016/06/03,11.149
2016/06/04,11.965
2016/06/05,10.877
2016/06/06,11.149
2016/06/07,11.421
2016/06/08,10.333
2016/06/09,10.061
2016/06/10,9.789
2016/06/11,10.605
2016/06/12,15.228
2016/06/13,18.491
2016/06/14,15.5
2016/06/15,13.596
2016/06/16,17.131
2016/06/17,16.587
2016/06/18,14.412
2016/06/19,13.596
2016/06/20,14.412
2016/06/21,15.5
2016/06/22,14.684
2016/06/23,14.412
2016/06/24,21.21
2016/06/25,14.956
2016/06/26,12.237
2016/06/27,13.596
2016/06/28,12.78
2016/06/29,11.149
2016/06/30,12.509
2016/07/01,11.832
2016/07/02,11.011
2016/07/03,11.897
2016/07/04,10.772
2016/07/05,11.316
2016/07/06,11.25
2016/07/07,11.968
2016/07/08,11.658
2016/07/09,15.049
2016/07/10,12.516
2016/07/11,10.94
2016/07/12,11.011
2016/07/13,10.701
2016/07/14,10.087
2016/07/15,9.266
2016/07/16,9.402
2016/07/17,9.881
2016/07/18,9.266
2016/07/19,10.293
2016/07/20,9.473
2016/07/21,8.957
2016/07/22,9.06
2016/07/23,8.718
2016/07/24,8.718
2016/07/25,9.266
2016/07/26,9.951
2016/07/27,10.293
2016/07/28,8.652
2016/07/29,8.924
2016/07/30,8.891
2016/07/31,9.13
2016/08/01,9.906
2016/08/02,11.764
2016/08/03,20.639
2016/08/04,14.241
2016/08/05,11.145
2016/08/06,9.081
2016/08/07,10.319
2016/08/08,10.113
2016/08/09,9.287
2016/08/10,8.875
2016/08/11,9.081
2016/08/12,8.462
2016/08/13,8.875
2016/08/14,7.843
2016/08/15,8.668
2016/08/16,8.462
2016/08/17,9.287
2016/08/18,8.875
2016/08/19,8.668
2016/08/20,7.843
2016/08/21,8.049
2016/08/22,9.081
2016/08/23,9.494
2016/08/24,9.287
2016/08/25,8.668
2016/08/26,8.462
2016/08/27,8.668
2016/08/28,8.875
2016/08/29,8.668
2016/08/30,8.462
2016/08/31,8.255
2016/09/01,9.494
2016/09/02,8.255
2016/09/03,8.255
2016/09/04,9.081
2016/09/05,8.875
2016/09/06,8.462
2016/09/07,9.287
2016/09/08,10.113
2016/09/09,9.7
2016/09/10,9.7
2016/09/11,8.875
2016/09/12,9.081
2016/09/13,9.494
2016/09/14,8.462
2016/09/15,9.494
2016/09/16,9.287
2016/09/17,8.875
2016/09/18,8.875
2016/09/19,8.875
2016/09/20,8.668
2016/09/21,10.319
2016/09/22,8.668
2016/09/23,9.081
2016/09/24,8.049
2016/09/25,8.255
2016/09/26,9.287
2016/09/27,9.081
2016/09/28,9.081
2016/09/29,8.462
2016/09/30,9.081
2016/10/01,9.096
2016/10/02,8.135
2016/10/03,8.787
2016/10/04,8.512
2016/10/05,8.993
2016/10/06,8.993
2016/10/07,9.061
2016/10/08,8.512
2016/10/09,8.89
2016/10/10,9.268
2016/10/11,10.469
2016/10/12,10.675
2016/10/13,10.297
2016/10/14,9.885
2016/10/15,9.371
2016/10/16,8.923
2016/10/17,9.817
2016/10/18,9.268
2016/10/19,8.993
2016/10/20,9.2
2016/10/21,9.061
2016/10/22,9.165
2016/10/23,9.716
2016/10/24,9.784
2016/10/25,10.401
2016/10/26,10.846
2016/10/27,11.499
2016/10/28,12.287
2016/10/29,13.215
2016/10/30,11.156
2016/10/31,11.602
2016/11/01,12.673
2016/11/02,11.646
2016/11/03,12.673
2016/11/04,11.988
2016/11/05,11.303
2016/11/06,11.646
2016/11/07,11.646
2016/11/08,11.303
2016/11/09,14.729
2016/11/10,12.331
2016/11/11,10.961
2016/11/12,10.961
2016/11/13,10.618
2016/11/14,11.303
2016/11/15,11.303
2016/11/16,12.331
2016/11/17,13.358
2016/11/18,13.016
2016/11/19,11.646
2016/11/20,11.988
2016/11/21,11.646
2016/11/22,12.331
2016/11/23,11.646
2016/11/24,11.646
2016/11/25,11.303
2016/11/26,11.303
2016/11/27,11.303
2016/11/28,10.961
2016/11/29,13.016
2016/11/30,11.988
2016/12/01,11.988
2016/12/02,12.673
2016/12/03,11.303
2016/12/04,10.961
2016/12/05,11.988
2016/12/06,11.646
2016/12/07,11.988
2016/12/08,11.646
2016/12/09,10.961
2016/12/10,10.618
2016/12/11,10.961
2016/12/12,11.646
2016/12/13,11.646
2016/12/14,11.988
2016/12/15,11.988
2016/12/16,11.988
2016/12/17,11.646
2016/12/18,10.961
2016/12/19,12.331
2016/12/20,11.646
2016/12/21,15.071
2016/12/22,18.154
2016/12/23,21.236
2016/12/24,16.441
2016/12/25,16.784
2016/12/26,15.756
2016/12/27,16.441
2016/12/28,19.524
2016/12/29,18.154
2016/12/30,18.154
2016/12/31,14.043
2017/01/01,15.348
2017/01/02,26.119
2017/01/03,24.111
2017/01/04,27.987
2017/01/05,33.725
2017/01/06,28.983
2017/01/07,24.453
2017/01/08,21.574
2017/01/09,20.915
2017/01/10,18.725
2017/01/11,21.916
2017/01/12,23.089
2017/01/13,18.549
2017/01/14,17.537
2017/01/15,16.022
2017/01/16,16.001
2017/01/17,17.858
2017/01/18,16.681
2017/01/19,15.508
2017/01/20,15.508
2017/01/21,15.005
2017/01/22,14.663
2017/01/23,14.844
2017/01/24,15
2017/01/25,15.84
2017/01/26,13.988
2017/01/27,14.502
2017/01/28,14.175
2017/01/29,13.656
2017/01/30,13.474
2017/01/31,15.01
2017/02/01,15.935
2017/02/02,16.599
2017/02/03,16.931
2017/02/04,15.271
2017/02/05,15.271
2017/02/06,15.935
2017/02/07,15.271
2017/02/08,17.263
2017/02/09,19.919
2017/02/10,17.263
2017/02/11,16.267
2017/02/12,14.275
2017/02/13,14.607
2017/02/14,14.275
2017/02/15,14.607
2017/02/16,14.939
2017/02/17,15.271
2017/02/18,15.935
2017/02/19,13.943
2017/02/20,15.935
2017/02/21,17.927
2017/02/22,17.927
2017/02/23,19.255
2017/02/24,23.57
2017/02/25,19.919
2017/02/26,16.599
2017/02/27,17.927
2017/02/28,17.927
2017/03/01,20.251
2017/03/02,23.57
2017/03/03,31.538
2017/03/04,23.902
2017/03/05,21.247
2017/03/06,21.247
2017/03/07,22.243
2017/03/08,24.566
2017/03/09,22.575
2017/03/10,31.206
2017/03/11,27.222
2017/03/12,19.919
2017/03/13,21.579
2017/03/14,19.587
2017/03/15,19.587
2017/03/16,19.919
2017/03/17,20.915
2017/03/18,23.57
2017/03/19,20.915
2017/03/20,21.247
2017/03/21,20.251
2017/03/22,20.915
2017/03/23,19.587
2017/03/24,18.923
2017/03/25,21.247
2017/03/26,17.595
2017/03/27,19.255
2017/03/28,17.927
2017/03/29,17.927
2017/03/30,16.931
2017/03/31,16.599
2017/04/01,16.762
2017/04/02,15.932
2017/04/03,17.726
2017/04/04,18.069
2017/04/05,17.083
2017/04/06,17.239
2017/04/07,17.239
2017/04/08,17.405
2017/04/09,16.585
2017/04/10,17.737
2017/04/11,18.722
2017/04/12,17.892
2017/04/13,17.892
2017/04/14,15.932
2017/04/15,15.279
2017/04/16,15.766
2017/04/17,16.751
2017/04/18,18.877
2017/04/19,17.903
2017/04/20,17.073
2017/04/21,16.751
2017/04/22,16.751
2017/04/23,15.766
2017/04/24,17.073
2017/04/25,18.38
2017/04/26,20.527
2017/04/27,20.693
2017/04/28,20.195
2017/04/29,18.556
2017/04/30,18.058
2017/05/01,22.421
2017/05/02,26.32
2017/05/03,25.345
2017/05/04,34.118
2017/05/05,30.219
2017/05/06,24.37
2017/05/07,24.37
2017/05/08,27.295
2017/05/09,37.043
2017/05/10,34.118
2017/05/11,37.043
2017/05/12,42.892
2017/05/13,45.816
2017/05/14,38.992
2017/05/15,51.665
2017/05/16,46.791
2017/05/17,39.967
2017/05/18,35.093
2017/05/19,40.942
2017/05/20,38.992
2017/05/21,42.892
2017/05/22,65.312
2017/05/23,69.211
2017/05/24,74.085
2017/05/25,97.481
2017/05/26,76.035
2017/05/27,67.262
2017/05/28,50.69
2017/05/29,49.715
2017/05/30,48.74
2017/05/31,46.791
2017/06/01,44.841
2017/06/02,39.967
2017/06/03,37.043
2017/06/04,37.043
2017/06/05,41.917
2017/06/06,57.514
2017/06/07,50.69
2017/06/08,44.841
2017/06/09,42.892
2017/06/10,41.917
2017/06/11,42.892
2017/06/12,55.564
2017/06/13,47.766
2017/06/14,47.766
2017/06/15,58.488
2017/06/16,48.74
2017/06/17,39.967
2017/06/18,37.043
2017/06/19,38.992
2017/06/20,40.942
2017/06/21,41.917
2017/06/22,41.917
2017/06/23,40.942
2017/06/24,38.018
2017/06/25,35.093
2017/06/26,44.841
2017/06/27,48.74
2017/06/28,47.766
2017/06/29,40.942
2017/06/30,33.143
2017/07/01,31.989
2017/07/02,33.573
2017/07/03,34.06
2017/07/04,33.573
2017/07/05,34.06
2017/07/06,35.157
2017/07/07,33.512
2017/07/08,31.014
2017/07/09,31.44
2017/07/10,36.619
2017/07/11,42.773
2017/07/12,39.178
2017/07/13,36.68
2017/07/14,36.619
2017/07/15,40.763
2017/07/16,48.075
2017/07/17,43.87
2017/07/18,43.87
2017/07/19,41.25
2017/07/20,45.942
2017/07/21,44.967
2017/07/22,38.752
2017/07/23,38.752
2017/07/24,39.239
2017/07/25,40.824
2017/07/26,40.275
2017/07/27,39.178
2017/07/28,43.809
2017/07/29,37.107
2017/07/30,36.619
2017/07/31,46.978
2017/08/01,77.876
2017/08/02,71.295
2017/08/03,48.261
2017/08/04,43.874
2017/08/05,57.036
2017/08/06,47.165
2017/08/07,54.842
2017/08/08,55.939
2017/08/09,52.649
2017/08/10,48.261
2017/08/11,50.455
2017/08/12,61.424
2017/08/13,74.586
2017/08/14,83.361
2017/08/15,84.457
2017/08/16,71.295
2017/08/17,68.005
2017/08/18,71.295
2017/08/19,63.617
2017/08/20,59.23
2017/08/21,59.23
2017/08/22,68.005
2017/08/23,60.327
2017/08/24,54.842
2017/08/25,57.036
2017/08/26,52.649
2017/08/27,50.455
2017/08/28,53.746
2017/08/29,61.424
2017/08/30,64.714
2017/08/31,69.102
2017/09/01,74.586
2017/09/02,68.005
2017/09/03,61.424
2017/09/04,76.779
2017/09/05,77.876
2017/09/06,68.005
2017/09/07,61.424
2017/09/08,65.811
2017/09/09,53.746
2017/09/10,53.746
2017/09/11,60.327
2017/09/12,60.327
2017/09/13,80.07
2017/09/14,98.716
2017/09/15,109.685
2017/09/16,72.392
2017/09/17,60.327
2017/09/18,70.198
2017/09/19,64.714
2017/09/20,55.939
2017/09/21,57.036
2017/09/22,52.649
2017/09/23,44.971
2017/09/24,41.68
2017/09/25,49.358
2017/09/26,46.068
2017/09/27,50.455
2017/09/28,48.261
2017/09/29,47.165
2017/09/30,42.777
2017/10/01,43.527
2017/10/02,49.902
2017/10/03,49.354
2017/10/04,47.16
2017/10/05,45.173
2017/10/06,43.527
2017/10/07,41.882
2017/10/08,46.612
2017/10/09,54.632
2017/10/10,55.729
2017/10/11,55.729
2017/10/12,92.881
2017/10/13,106.728
2017/10/14,74.305
2017/10/15,68.478
2017/10/16,69.575
2017/10/17,66.833
2017/10/18,68.478
2017/10/19,66.833
2017/10/20,75.402
2017/10/21,86.506
2017/10/22,73.757
2017/10/23,81.777
2017/10/24,90.687
2017/10/25,80.68
2017/10/26,79.583
2017/10/27,67.382
2017/10/28,56.826
2017/10/29,65.736
2017/10/30,74.853
2017/10/31,87.603
2017/11/01,104.867
2017/11/02,141.879
2017/11/03,129.542
2017/11/04,104.867
2017/11/05,98.699
2017/11/06,104.867
2017/11/07,98.699
2017/11/08,104.867
2017/11/09,98.699
2017/11/10,123.373
2017/11/11,117.205
2017/11/12,148.048
2017/11/13,129.542
2017/11/14,98.699
2017/11/15,104.867
2017/11/16,104.867
2017/11/17,123.373
2017/11/18,92.53
2017/11/19,92.53
2017/11/20,117.205
2017/11/21,123.373
2017/11/22,104.867
2017/11/23,98.699
2017/11/24,92.53
2017/11/25,98.699
2017/11/26,148.048
2017/11/27,197.398
2017/11/28,228.241
2017/11/29,376.289
2017/11/30,308.434
2017/12/01,234.41
2017/12/02,178.892
2017/12/03,178.892
2017/12/04,209.735
2017/12/05,215.904
2017/12/06,289.928
2017/12/07,579.855
2017/12/08,512
2017/12/09,345.446
2017/12/10,333.108
2017/12/11,388.626
2017/12/12,357.783
2017/12/13,320.771
2017/12/14,283.759
2017/12/15,259.084
2017/12/16,252.916
2017/12/17,283.759
2017/12/18,289.928
2017/12/19,302.265
2017/12/20,407.132
2017/12/21,320.771
2017/12/22,616.867
2017/12/23,382.458
2017/12/24,289.928
2017/12/25,240.578
2017/12/26,240.578
2017/12/27,228.241
2017/12/28,228.241
2017/12/29,203.566
2017/12/30,203.566
2017/12/31,172.723
2018/01/01,158.04
2018/01/02,189.385
2018/01/03,186.3
2018/01/04,181.447
2018/01/05,179.677
2018/01/06,158.494
2018/01/07,159.809
2018/01/08,177.908
2018/01/09,167.747
2018/01/10,174.824
2018/01/11,196.007
2018/01/12,161.578
2018/01/13,141.71
2018/01/14,132.003
2018/01/15,133.318
2018/01/16,263.551
2018/01/17,355.816
2018/01/18,240.598
2018/01/19,179.677
2018/01/20,148.333
2018/01/21,135.087
2018/01/22,161.578
2018/01/23,153.186
2018/01/24,139.94
2018/01/25,132.003
2018/01/26,135.087
2018/01/27,116.988
2018/01/28,110.365
2018/01/29,112.134
2018/01/30,125.38
2018/01/31,135.087
2018/02/01,169.848
2018/02/02,222.925
2018/02/03,148.617
2018/02/04,127.386
2018/02/05,222.925
2018/02/06,279.541
2018/02/07,180.463
2018/02/08,152.155
2018/02/09,127.386
2018/02/10,102.616
2018/02/11,99.078
2018/02/12,106.155
2018/02/13,102.616
2018/02/14,102.616
2018/02/15,109.693
2018/02/16,95.539
2018/02/17,88.462
2018/02/18,92.001
2018/02/19,92.001
2018/02/20,99.078
2018/02/21,95.539
2018/02/22,92.001
2018/02/23,81.385
2018/02/24,70.77
2018/02/25,67.231
2018/02/26,77.847
2018/02/27,77.847
2018/02/28,74.308
2018/03/01,67.231
2018/03/02,70.77
2018/03/03,63.693
2018/03/04,60.154
2018/03/05,67.231
2018/03/06,67.231
2018/03/07,77.847
2018/03/08,77.847
2018/03/09,81.385
2018/03/10,63.693
2018/03/11,56.616
2018/03/12,67.231
2018/03/13,63.693
2018/03/14,77.847
2018/03/15,84.924
2018/03/16,70.77
2018/03/17,63.693
2018/03/18,74.308
2018/03/19,74.308
2018/03/20,67.231
2018/03/21,67.231
2018/03/22,63.693
2018/03/23,56.616
2018/03/24,53.077
2018/03/25,49.539
2018/03/26,70.77
2018/03/27,63.693
2018/03/28,60.154
2018/03/29,70.77
2018/03/30,81.385
2018/03/31,60.154
2018/04/01,65.391
2018/04/02,69.923
2018/04/03,62.931
2018/04/04,61.162
2018/04/05,66.427
2018/04/06,66.082
2018/04/07,54.557
2018/04/08,49.637
2018/04/09,60.471
2018/04/10,56.284
2018/04/11,52.788
2018/04/12,65.349
2018/04/13,67.118
2018/04/14,49.637
2018/04/15,49.637
2018/04/16,53.479
2018/04/17,51.019
2018/04/18,52.442
2018/04/19,54.169
2018/04/20,54.169
2018/04/21,51.752
2018/04/22,49.292
2018/04/23,53.824
2018/04/24,64.312
2018/04/25,59.78
2018/04/26,50.328
2018/04/27,49.292
2018/04/28,43.335
2018/04/29,45.45
2018/04/30,46.832
2018/05/01,46.972
2018/05/02,46.972
2018/05/03,47.663
2018/05/04,47.663
2018/05/05,46.972
2018/05/06,44.9
2018/05/07,49.735
2018/05/08,48.353
2018/05/09,44.9
2018/05/10,46.095
2018/05/11,54.005
2018/05/12,44.524
2018/05/13,39.999
2018/05/14,46.976
2018/05/15,44.42
2018/05/16,43.833
2018/05/17,42.555
2018/05/18,43.194
2018/05/19,35.232
2018/05/20,35.819
2018/05/21,40.292
2018/05/22,43.246
2018/05/23,51.501
2018/05/24,47.563
2018/05/25,42.209
2018/05/26,35.871
2018/05/27,37.494
2018/05/28,42.848
2018/05/29,44.075
2018/05/30,40.534
2018/05/31,38.427
2018/06/01,36.165
2018/06/02,33.315
2018/06/03,34.593
2018/06/04,36.51
2018/06/05,37.391
2018/06/06,36.804
2018/06/07,36.458
2018/06/08,34.938
2018/06/09,31.743
2018/06/10,43.729
2018/06/11,58.725
2018/06/12,46.98
2018/06/13,54.027
2018/06/14,47.567
2018/06/15,40.52
2018/06/16,34.648
2018/06/17,34.061
2018/06/18,39.933
2018/06/19,38.759
2018/06/20,38.759
2018/06/21,35.822
2018/06/22,44.044
2018/06/23,38.171
2018/06/24,44.631
2018/06/25,40.52
2018/06/26,38.171
2018/06/27,36.41
2018/06/28,36.997
2018/06/29,46.98
2018/06/30,39.933
2018/07/01,34.648
2018/07/02,39.346
2018/07/03,39.346
2018/07/04,36.997
2018/07/05,38.171
2018/07/06,35.235
2018/07/07,30.537
2018/07/08,32.886
2018/07/09,34.648
2018/07/10,36.41
2018/07/11,34.061
2018/07/12,36.997
2018/07/13,35.235
2018/07/14,31.124
2018/07/15,29.95
2018/07/16,36.41
2018/07/17,46.98
2018/07/18,52.853
2018/07/19,45.218
2018/07/20,41.108
2018/07/21,35.235
2018/07/22,34.648
2018/07/23,44.044
2018/07/24,55.789
2018/07/25,51.678
2018/07/26,45.806
2018/07/27,46.393
2018/07/28,36.41
2018/07/29,36.41
2018/07/30,41.108
2018/07/31,41.695
2018/08/01,41.108
2018/08/02,37.584
2018/08/03,39.933
2018/08/04,37.584
2018/08/05,35.822
2018/08/06,39.933
2018/08/07,41.108
2018/08/08,49.329
2018/08/09,42.869
2018/08/10,41.243
2018/08/11,41.795
2018/08/12,35.721
2018/08/13,41.572
2018/08/14,51.148
2018/08/15,45.786
2018/08/16,39.795
2018/08/17,37.996
2018/08/18,33.703
2018/08/19,32.422
2018/08/20,36.218
2018/08/21,38.558
2018/08/22,41.642
2018/08/23,37.994
2018/08/24,35.676
2018/08/25,32.792
2018/08/26,31.187
2018/08/27,35.457
2018/08/28,43.048
2018/08/29,38.632
2018/08/30,38.651
2018/08/31,35.289
2018/09/01,33.14
2018/09/02,35.01
2018/09/03,35.974
2018/09/04,39.466
2018/09/05,46.964
2018/09/06,52.197
2018/09/07,41.414
2018/09/08,34.182
2018/09/09,34.613
2018/09/10,37.592
2018/09/11,37.589
2018/09/12,41.156
2018/09/13,39.605
2018/09/14,36.991
2018/09/15,31.338
2018/09/16,30.005
2018/09/17,34.095
2018/09/18,33.62
2018/09/19,34.437
2018/09/20,33.873
2018/09/21,38.099
2018/09/22,32.948
2018/09/23,30.373
2018/09/24,32.824
2018/09/25,34.066
2018/09/26,33.766
2018/09/27,33.155
2018/09/28,32.706
2018/09/29,27.661
2018/09/30,27.573
2018/10/01,29.85
2018/10/02,30.597
2018/10/03,30.301
2018/10/04,30.975
2018/10/05,29.469
2018/10/06,26.358
2018/10/07,24.496
2018/10/08,30.053
2018/10/09,30.635
2018/10/10,31.568
2018/10/11,41.327
2018/10/12,32.964
2018/10/13,28.218
2018/10/14,27.112
2018/10/15,37.259
2018/10/16,31.919
2018/10/17,30.717
2018/10/18,30.345
2018/10/19,30.178
2018/10/20,25.889
2018/10/21,25.65
2018/10/22,29.475
2018/10/23,30.084
2018/10/24,30.29
2018/10/25,29.818
2018/10/26,28.265
2018/10/27,25.793
2018/10/28,23.789
2018/10/29,30.443
2018/10/30,29.545
2018/10/31,31.48
2018/11/01,29.905
2018/11/02,29.267
2018/11/03,25.715
2018/11/04,29.6
2018/11/05,32.025
2018/11/06,31.446
2018/11/07,30.675
2018/11/08,30.057
2018/11/09,29.728
2018/11/10,25.063
2018/11/11,25.533
2018/11/12,28.993
2018/11/13,30.021
2018/11/14,47.768
2018/11/15,54.469
2018/11/16,41.489
2018/11/17,34.289
2018/11/18,31.487
2018/11/19,53.775
2018/11/20,77.947
2018/11/21,60.39
2018/11/22,45.202
2018/11/23,45.856
2018/11/24,42.349
2018/11/25,64.303
2018/11/26,63.738
2018/11/27,57.323
2018/11/28,52.904
2018/11/29,46.745
2018/11/30,42.937
2018/12/01,37.667
2018/12/02,33.301
2018/12/03,42.75
2018/12/04,41.989
2018/12/05,40.599
2018/12/06,44.869
2018/12/07,57.279
2018/12/08,42.659
2018/12/09,38.351
2018/12/10,42.584
2018/12/11,40.617
2018/12/12,38.696
2018/12/13,40.475
2018/12/14,43.602
2018/12/15,38.208
2018/12/16,36.314
2018/12/17,44.181
2018/12/18,43.153
2018/12/19,47.327
2018/12/20,48.914
2018/12/21,43.645
2018/12/22,36.333
2018/12/23,36.116
2018/12/24,41.168
2018/12/25,38.724
2018/12/26,37.079
2018/12/27,38.225
2018/12/28,38.309
2018/12/29,34.657
2018/12/30,31.836
2018/12/31,31.275
2019/01/01,31.318
2019/01/02,35.638
2019/01/03,36.12
2019/01/04,35.511
2019/01/05,29.152
2019/01/06,31.654
2019/01/07,37.173
2019/01/08,33.179
2019/01/09,33.957
2019/01/10,38.559
2019/01/11,34.92
2019/01/12,30.058
2019/01/13,30.026
2019/01/14,32.963
2019/01/15,31.546
2019/01/16,30.686
2019/01/17,30.103
2019/01/18,28.987
2019/01/19,26.268
2019/01/20,25.537
2019/01/21,28.514
2019/01/22,28.155
2019/01/23,27.432
2019/01/24,28.549
2019/01/25,27.433
2019/01/26,24.778
2019/01/27,24.639
2019/01/28,31.15
2019/01/29,30.398
2019/01/30,28.51
2019/01/31,28.118
2019/02/01,26.961
2019/02/02,24.926
2019/02/03,23.495
2019/02/04,29.667
2019/02/05,33.781
2019/02/06,32.133
2019/02/07,30.562
2019/02/08,31.625
2019/02/09,29.973
2019/02/10,26.703
2019/02/11,28.264
2019/02/12,28.337
2019/02/13,27.599
2019/02/14,27.075
2019/02/15,26.035
2019/02/16,24.94
2019/02/17,24.115
2019/02/18,33.779
2019/02/19,35.34
2019/02/20,32.674
2019/02/21,31.385
2019/02/22,29.82
2019/02/23,30.355
2019/02/24,36.871
2019/02/25,31.828
2019/02/26,29.74
2019/02/27,27.9
2019/02/28,27.404
2019/03/01,26.545
2019/03/02,24.681
2019/03/03,24.312
2019/03/04,27.442
2019/03/05,28.551
2019/03/06,28.179
2019/03/07,27.81
2019/03/08,25.972
2019/03/09,26.6
2019/03/10,25.143
2019/03/11,26.6
2019/03/12,25.872
2019/03/13,25.507
2019/03/14,24.778
2019/03/15,24.414